first_name,last_name,dob,year_of_birth,gender,zip,email,phone,address,city,first_initial
Adriana,Conradi,1983-03-15,1983,F,91189,ehering@web.de,+49(0)4814754337,dAolf-Kade-Platz 6/2,Bischofswerda,A
Arnfried,Roht,1956-01-25,1956,M,70792,wwieloch@googlemail.com,08744 126618,Kohlalle e3,Bützow,A
Klaus,Dieter Heuser,1936-01-17,1936,M,83538,ggutknecht@googlemail.com,0293405827,Etzoldplatz 922,Warenodrf,K
Abdul,Stuade,1965-05-25,1965,,94816,wielochjohann@gmx.de,+49(0)3496 05737,Jäntscghasse 764,Teterow,A
Hans-wilhelm,Schottin,2002-12-07,2002,M,94938,nicolas44@web.de,+49(0)1893 58557,Kerstin-Putz-Weg 345,Augsburg,H
Alfredo,Stadelmann,1974-08-12,1974,M,28991,nelly93@gmail.com,+49 (0) 8328 865289,Peer-Bohnbach-Ring 0/9,Helmstedt,A
Luitgard,Gumprich,2015-01-30,2015,F,99828,schwitalalfonso@gmail.com,+49 (0) 4097 595466,Kaspar-Anders-Ring 1,Fürstenwalde,L
Ditmar,Jungfer,2008-02-15,2008,M,91869,gnaser@googlemail.com,,Hornigweg 6,Schlüchtern,D
,Steuer,2002-01-22,2002,M,65549,bienbertram@yahoo.de,0926604994,Gerolf-Gude-Weg 9/7,Nördlingen,V
Elzbieta,Lübs,2015-09-15,2015,F,11367,jbarth@googlemail.com,0348588714,Friedhold-Finke-Straße 2/8,Hannoversch Münden,E
Janna,Reuter,1929-06-15,1929,F,59608,hans-williroemer@hotmail.de,,Linkering 99,Havelberg,J
Albna,Bärer Beng,1961-04-08,1961,M,24805,magaretebolnbach@hotmail.de,00480 06704,Monica-Scholtz-Straße 437,Eisenach,A
Cathleen,Lindau-seifert,1987-02-12,1987,F,89067,rustjasmina@googlemail.com,,Robby-Cichorius-Ring 15,Grimma,C
Anton,Schleich,1938-06-26,1938,M,83140,norma85@web.de,+49(0)1048 959690,Christophplatz 555,Jülich,A
Alexandros,Ehlert,1987-09-30,1987,M,62672,hans-jochen82@hotmail.de,0879649442,Ute-Textor-Allee 9,Grafenau,A
Cahrlotte,Förster-schleich,1991-09-23,1991,F,43516,sylwia78@aol.de,(05564) 664492,Gutestr. 06,Rothenburg ob der Tauber,C
Edeltrud,Kohl,1971-07-31,1971,F,00436,tomislav12@hotmail.de,,Birnbaumplazt 6/1,Schmölln,E
Bodo,Dietz,2003-12-19,2003,M,68578,johannben@gmail.com,+49(0)4225 90058,Metzallee 614,Paderborn,B
Norman,Junitz,1912-03-11,1912,M,91648,ackermannhedda@yahoo.de,03441 19455,Schweitzergasse 6/8,Wolfenbüttel,N
Deborah,Van Der Dussen,1940-05-26,1940,F,40396,sabinasalz@aol.de,0803215181,Romy-Mentzel-Gasse 66,Wismar,D
Lieschen,Kallert,1923-11-30,1923,F,21464,adeline57@gmx.de,08994 418980,Martinstr. 803,Freising,L
Apollonia,Kuhl,1936-03-28,1936,F,42486,bberger@aol.de,(02471) 815371,Adele-Staude-Straße 4/4,Lüdenscheid,A
Alfons,Pohl,1934-08-28,1934,M,32310,robinwilmsen@yahoo.de,+49(0)4832 09946,Schülerplatz 28,Niesky,A
Mahmoud,Junck,1935-10-10,1935,M,42292,rigo66@gmail.com,0487463661,Jäntschweg 010,Neuruppin,M
Erdoagn,Hertrampf-gotthard,1979-12-24,1979,M,58803,cgehringer@web.de,03902 55203,Gerlind-Täsche-Platz 456,Berchtesgaden,E
Emmy,Striebitz-schomber,1952-02-20,1952,F,18597,maelzeryvonne@gmx.de,+49(0)4867 983183,Schinkeallee 4,,E
Hans-gerd,Dippel Beng,2008-03-28,2008,M,73700,kitzmannmilena@hotmail.de,01951 345863,Weißstr. 5,Mellrichstadt,H
Dino,Linke,2014-06-28,2014,M,55988,etzlerregina@aol.de,+49(0)1497857630,Kuschallee 4/9,Pegnitz,D
Henii,Gorlitz,1963-09-01,1963,M,96369,ivonne53@aol.de,04077 920617,Gertraut-Hertrampf-Platz 9/3,Hildburghausen,H
Juir,Häring,1965-02-14,1965,M,55272,henning20@aol.de,04585 741740,Piepertsraße 0,Rathenow,J
Pavel,Scholl-heinz,1958-07-12,1958,M,26521,dreuter@googlemali.com,01198 87572,Kenan-Heser-Platz 22,Querfurt,P
Iwan,Löwer,1980-09-11,1980,M,82634,monika88@aol.de,0291793716,Rustallee 12,Königs Wutserhausen,I
Eberhardt,Kranz,1924-12-22,1924,M,75646,eleonorekarz@aol.de,+49(0)5442200900,Neuschäferplatz 5,Burgdorf,E
Sigmund,Beer,2004-03-14,2004,M,15849,dwilmsen@aol.de,+49(0)7184 14258,Bolzmanngasse 788,Anklam,S
Betty,Werner,1938-08-28,1938,F,70776,ethies@gmail.com,03923591245,Preißring 6,Duderstadt,B
Karsten,Roskoth-hölzenbecher,2020-09-11,2020,M,01360,winklerswantje@yahoo.de,(05526) 891415,Chantal-Jockel-Ring 33,Miltenberg,K
Reinhard,Kusch,2020-02-26,2020,,88660,,+49(0) 780039636,Bruno-Weinhold-Gasse 8,Erkelenz,R
Liliane,Liebelt,2015-02-16,2015,F,99394,tscheel@web.de,09016464914,Maritta-Reising-Straße 84,Hohenmölsen,L
Muzaffer,Junitz-fechner,1972-11-20,1972,M,68268,albrechtfoerster@gmx.de,+49(0)2362 050764,Henschelweg 285,Wolfach,M
Birgitta,Johann,1926-08-31,1926,F,07899,silviakaester@hotmail.de,05046049482,Alexei-Dippel-Weg 436,Recklinghausen,B
Mary,Häring,2010-05-14,2010,F,92234,lillylehmann@hotmail.de,+49(0)1000 92641,Hertrampfplatz 813,Strasburg,M
Ingelore,Krause,1911-03-04,1911,F,92776,mehmetseip@aol.de,+49(0)3855417481,Slavko-Gnatz-Ring 8,Ludwigslust,I
Torsten,Dussen Van,2001-11-27,2001,M,07078,roserosalinde@googlemail.com,+49(0)1799689302,Ditschlerinring 2,Jülich,T
Ivanka,Warmer-schäfer,1966-06-20,1966,F,45790,jacek18@hotmail.de,+49(0) 570520228,Branko-Seip-Straße 7/9,Soest,I
Ayten,Bien,1958-06-04,1958,F,06433,zgertz@gmx.de,(05965) 24881,Inga-Schaaf-Allee 7,Regen,A
,Schacht,1951-03-25,1951,M,87639,bthies@gmail.com,+49(0)9308 698207,Dehmelgasse 9/5,Hammelburg,Z
Alida,Nerger,2000-09-08,2000,F,10483,cfritsch@aol.de,(05274) 942531,Ladislaus-öFrster-Weg 64,Rothenburg ob der Tauber,A
Kathy,Spieß-plath,2010-02-12,2010,F,47648,olaf45@web.de,(06286) 84987,,Amberg,K
Gretchen,uRppersberger,1922-09-13,1922,F,33126,roehrichtkarl-josef@gmail.com,0359989567,Ackermannplatz 9,Spremberg,G
Samir,Bauer,1978-02-04,1978,M,41077,boucseinmarga@web.de,02591 042965,Heringstr. 310,Tecklenburg,S
Raik,Vollbrecht,1918-06-11,1918,M,24757,oswaldsoeding@hotmail.de,05475890418,Sagerplatz 2/1,Gransee,R
Felicia,Grien Groth,1966-09-08,1966,F,58960,claire02@aol.de,(07389) 690862,Henschelring 0/6,,F
Cilli,Mielcarek,1963-07-30,1963,F,25917,constanze56@yahoo.de,06814 41730,Mühlestr. 1/9,Artern,C
Kathi,Fechner,1963-07-07,1963,F,77020,philipprosemann@yahoo.de,+49(0) 946913711,Regina-Lindau-Weg 799,Worbis,K
Friedhold,Schönland-dwoerg,2006-10-12,2006,M,78850,gretchenbauer@hotmail.de,+49(0) 295063475,Klemmgasse 8/6,Pfaffenhofen an der Ilm,F
Raymond,Wirth,1963-07-29,1963,M,67298,veronikareuter@web.de,+49(0)1544271780,Beata-Schwital-Weg 8/3,Anklam,R
Slavica,Reinhardt,1967-10-24,1967,F,74699,radolph@gmx.de,03324889321,Laura-Kühnert-Gasse 297,Helmstedt,S
Dorina,Schäfer,1925-06-07,1925,F,54417,xjunck@gmx.de,06342565201,Dolores-Bolnbach-Weg 4/0,Sigmaringen,D
Erol,Reichmann,1949-03-05,1949,M,78994,freia53@aol.de,02718 648047,Neuschäfergasse 0/9,Soest,E
Jolanta,Lindner,2006-06-26,2006,F,55856,sibyllagroettner@yahoo.de,+49(0)9854 811194,Marco-Tlustek-Gasse 171,Lübeck,J
Horst-günter,Franke,1928-09-18,1928,M,27211,ingmarmeyer@gmx.de,08429082372,Schinkeweg 5/9,Kelheim,H
Hanny,Junk-etzold,2014-06-19,2014,F,83051,ullrich76@gmx.de,+49 (0) 0114 221021,Recep-Gerlach-Weg 95,eFuchtwangen,H
Sebastiano,,1935-09-30,1935,M,77213,hans-gerd80@hotmail.de,,Johannallee 50,Lobenstein,S
Nils,Birnbaum Beng,1920-06-17,1920,M,13592,,09603080626,,Monschau,N
Gusti,Lange,2012-10-09,2012,F,27736,bdoering@yahoo.de,+49 (0) 9319 832867,Isabella-Girschner-Straße 222,Plauen,G
Zeynep,Hornich-gröttner,1913-01-07,1913,F,21699,vmude@aol.de,+49(0)8501 076008,Brian-Trubin-Weg 502,Pfaffenhofen an der Ilm,Z
Stilla,Trommler,1915-09-29,1915,F,26201,afaust@web.de,(01229) 935030,Nadeschda-Reinhardt-Allee 2/3,Bayreuth,S
Käthe,Holt-ackermann,1960-07-21,1960,F,84485,mtrubin@yahoo.de,+49(0) 180767713,Fliegnerplatz 5,Kronach,K
Siegried,,1936-06-25,1936,F,64743,roman47@web.de,+49(0)9973 18186,Halina-Textor-Platz 124,Hohenstein-Ernstthal,S
Moritz,Häring,2007-01-06,2007,M,27127,sigurd10@hotmail.de,01557 90117,Geislergasse 89,Calau,M
Zehra,Hertrampf,1971-12-18,1971,F,00321,seideltatjana@gmail.com,,Karolina-Hiller-Platz 117,Uffenheim,Z
Anna-maria,Scholz,1928-03-09,1928,F,06769,eckart56@aol.de,+49(0)5375862618,Michaele-Köhler-Gasse 502,Heinsberg,A
Dunja,,1998-01-21,1998,F,71936,mangoldladislaus@oal.de,0171639470,Rabea-Gehringer-Allee 707,Grevesmühlen,D
Philippe,Adolph,1955-04-29,1955,M,13835,felicitashronich@gmail.com,(03060) 848721,Mikhail-Bauer-Allee 48,Spremberg,P
Rosalie,Van Der Dussen-steinberg,1980-02-17,1980,F,56448,trommlerhertha@gmail.com,03253 70329,Henkstr. 8,Bernburg,R
Nick,Buchholz,1936-07-08,1936,M,36357,ernst-august06@yahoo.de,+49(0)7850 03907,Heinrich-Eberhardt-Allee 296,,N
Siugrd,,1948-07-21,1948,M,09811,xhoefig@web.de,0044709398,Schusterring 9,Lübeck,S
Ella,Hartung,1988-04-22,1988,,54158,zschueler@googlemail.com,(05091) 94712,Stjepan-Juncken-Straße 55,Uffenheim,E
Benjamin,Huhn,2009-06-25,2009,M,38117,seifertmary@web.de,06866 28226,Edwin-Seifert-Straße 059,Wolmirstedt,B
Eugen,Schuster,1923-11-04,1923,M,23263,mirjam72@aol.de,0217578357,Hölzenbecherweg 234,Göppingen,E
Consatntin,Stolze,1971-04-05,1971,M,21855,,02365872813,Klemens-Barkholz-Gasse 48,Sankt Goarshausen,C
Hannchen,,1973-09-16,1973,F,31781,hannes79@aol.de,+49(0)0355 926903,Eigenwilligplatz /67,Bitterfeld,H
Frauke,Sorgatz,1936-08-10,1936,F,66391,sagerwillfried@googlemail.com,0932627891,Baldur-Stadelmann-Weg 48,Kulmbach,F
Willy,Rädel,1928-01-26,1928,M,01131,oestrovskyevangelos@googlemail.com,(07368) 95850,Bogdan-Kabus-Straße 8/9,Wismar,W
Rebecca,Schmidtke,1910-04-29,1910,F,78729,stephanierose@googlemail.com,+49()02720734618,Heydrichplatz 44,Wesel,R
Claudia,,1984-01-04,1984,F,06005,glehmann@web.de,+49(0)2105 401365,Adolphweg 83,Stuttgart,C
Reginald,Rudoplh,2018-11-12,2018,M,81986,markoschmiedt@googlemail.com,,Ingolf-Pergande-Weg 107,Hettstedt,R
Johann,Kuhl,1914-02-12,1914,M,91502,ekkehardschleich@yahoo.de,,Mentzelgasse 99,Wolfratshausen,J
,Renner Beng,1918-08-15,1918,F,63026,nicolaigeisler@web.de,(07660) 56555,Noackring 9,,H
,Stolze,1990-10-25,1990,M,80253,hfinke@web.de,0785238504,Gunda-Baum-Plat z587,Angermünde,H
Karola,Weinhold,1924-02-05,1924,F,07695,seifertkata@gmail.com,(00144) 003943,Birger-Hendriks-Gasse 286,Ebern,K
Attila,Hövel-dowerg,1922-03-26,1922,M,37596,stella41@web.de,+49(0) 991406855,Hiltraud-Täsche-Straße 1/6,Pasewalk,A
Claas,Langern,1915-02-04,1915,M,98280,marian46@gmx.de,+49(0)9911955538,Blochgasse 99,Witzenhausen,C
Heinz,Harloff,1958-10-12,1958,M,02110,dfechner@aol.de,,Charles-Eckbauer-Straße 7/3,Tecklenburg,H
Fadime,Heuser,1966-07-28,1966,F,,gerdi93@aol.de,+49(0)1961 66087,Bolanderplatz 9,Coburg,F
Ekchardt,Baum-gorlitz,1916-09-30,1916,M,63516,jaekelheinz-josef@aol.de,03501 694553,Norbert-Graf-Straße 6,Oschatz,E
Kai-uwe,Bolander,2001-06-22,2001,M,90064,trautelachmann@aol.de,07760297861,Nils-Bender-Straße 9/0,Sondershausen,K
Natalie,Hornig,1958-12-15,1958,F,92252,,+49(0)8274 455140,Felix-Otto-Allee 55,Beeskow,N
Reza,Hering,1960-05-07,1960,M,45892,lenahoefig@web.de,08894170442,Rene-Rörricht-Allee 47,Neustadtner Waldnaab,R
Hedi,Flantz,1954-01-22,1954,F,24129,zimmermeinrad@gmx.de,03617829804,Margrfagasse 364,Niesky,H
Horst,Lindner,1918-05-16,1918,M,37288,heinz-juergenladeck@aol.de,+49 (0) 4912 635682,,Meißen,H
Karen,Hölzenbecher,1936-09-06,1936,F,76346,hildegund22@googlemail.com,,Conradigasse 0,Neunburg vorm Wald,K
Korbinian,Stahr,1945-04-22,1945,M,89320,joerg92@gmx.de,+49(0)9517 978903,Bertha-Kroker-Straße 284,Sömmerda,K
Sigismund,Klingelhöfer,1941-09-10,1941,M,43341,hans-heinrichpruschke@yahoo.de,08391 822830,Hermighausenweg 16,Miesbach,S
Henriette,Schmiedt-ullmann,1932-08-23,1932,F,43797,beyerjulia@yahoo.de,0996815479,Schaafstraße 9,Chemnitz,H
Helfried,Christoph,1918-12-03,1918,M,58498,irena40@yahoo.de,(04440) 63054,,Lüdenschedi,H
Rafael,Gröttner,1946-08-06,1946,M,04878,heintzedenny@aol.de,0660668353,Liebeltallee 1/1,Beeskow,R
Ayse,Striebitz,2019-11-21,2019,F,19207,,,Karzplatz 555,Bad Kissingen,A
Claudio,Dörr,2021-04-08,2021,M,96902,romana64@yahoo.de,0187397673,Mentzelgasse 1,Rudolstadt,C
Andrei,Lachmann,1973-09-02,1973,M,69411,sigmundpatberg@aol.de,+49(0)9263100530,Seifertweg 4,Jena,A
Dagobert,Möchlichen,2005-12-24,2005,M,77980,siglinde62@hotmail.de,05311629613,Jäntschweg 575,Fürstenwalde,D
Annett,Klotz,1976-03-24,1976,F,86401,loosswetlana@web.de,,Karoline-van der Dussen-Ring 8/0,Meiningen,A
Deborah,Krein-koch Ii,2008-11-15,2008,F,36148,heini54@googlemail.com,05180478997,Scholtzweg 099,Wittmund,D
Kira,Weßi,1999-12-31,1999,F,29392,aumannrenata@hotmail.de,+49(0)3059 86920,Lidwina-Adolph-Weg 3/2,Uffenheim,K
Sabrina,eSifert,1993-03-29,1993,F,26809,xpechel@gmail.com,+49(0) 097909161,Keudelallee 039,Demmin,S
Katja,Drewes,1982-04-04,1982,F,,halinakoehler@gmx.de,00498 172291,Mentzelstr. 74,Bad Kissingen,K
Marie-theres,Barkholz,1980-02-08,1980,F,01226,klotzsylvester@gmx.de,+49(0)4028180119,Selim-Köster-Ring 9,Augsbugr,M
Anja,Gotthard-ortmann,1922-12-11,1922,F,39309,hella11@gmail.com,+49(0)3660 587650,Hans-Friedrich-Conradi-Straße 5/4,Genthin,A
Mona,Wulff,1935-11-01,1935,F,60399,ybaehr@web.de,+49(0)3439 806868,Marie-Luise-Geisler-Ring 1/9,Griesbach Rottal,M
Ewald,Pärtzelt Beng,2008-12-21,2008,M,08556,rbolzmann@yahoo.de,,Silvana-Bolnbach-Straße 504,Lübben,E
Annegrete,Tschentscher,1915-02-05,1915,F,40008,pechelsilvio@googlemail.com,02955654988,Cläre-Hoffmann-Ring 1,Deggendorf,A
Sieglinde,Kuhl,2018-03-30,2018,F,20918,leonorerecihmann@gmail.com,01886 436343,Peter-Hentschel-Straße 4,Schwäbisch Hall,S
Rudolph,Haering,1990-03-15,1990,M,40205,annelieselosekann@hotmail.de,+49(0) 489262910,Beerring 7/2,Weimar,R
Rose-marie,Wohlgemut,1996-12-04,1996,F,06461,nevenka03@aol.de,03964230813,Beerstraße 8/2,Malchin,R
Katarzyna,Schönland,1965-11-21,1965,F,66478,hartungbenno@gmx.de,+49(0)4533 987637,Mitschkering 8,Freising,K
Elsa,,1970-01-02,1970,F,13907,langernmato@aol.de,+49(0)3368151335,Heuserweg 6,Gunzenhausen,E
Cathrin,Rust,2015-03-25,2015,F,59955,reimundbenthin@aol.de,+49 (0) 9218 405619,Reinhild-Pergande-Allee 8/2,Böbilngen,C
Muharrem,Binner,1963-09-05,1963,M,95051,gesa30@gmail.com,+49(0)1992529345,,Tirschenreuth,M
Mathias,Schmiedt-stiebtiz,1986-02-16,1986,M,09216,yhess@yahoo.de,+49(0)9576 22570,Jobst-Kensy-Platz 007,Backnang,M
Stefano,Drub-mentzel,2016-06-13,2016,M,29079,soedingrico@web.de,+49(0) 009827424,Albina-Hamann-Straße 9,Monschau,S
Reinhard,Kaul-weinhage,1989-02-15,1989,M,90512,heinz-dieterjunitz@hotmail.de,(06867) 606493,Eckhardt-Sölzer-Allee 48,Tecklenburg,R
Enno,Seidel-eckbauer,2018-03-06,2018,M,98097,fanny56@googlemail.com,(03225) 15430,Vollbrechtplatz 4/1,Bernburg,E
Wilfriede,Gierschner Beng,2016-10-14,2016,F,,biggensiegbert@gmx.de,08547 155940,Süleyman-Hartmann-Platz 7,Oranienburg,W
Hardy,Kallert,1985-12-12,1985,M,36106,judithjungfer@googlemail.com,(03219) 55330,Mälzerring 1/3,Saulgau,H
Karl-hans,Killer,1946-08-06,1946,M,69018,filizkoch@gmail.com,+49(0)8372 269175,Ebertallee 535,Kelhemi,K
,Gertz,1916-10-25,1916,F,60391,ybolnbach@googlemail.com,+49(0)9698 27231,Birgit-StrohS-traße 6,Querfurt,H
Hans-günter,Mude,2011-05-02,2011,M,60112,,(06593) 84351,Imre-Gertz-Platz 708,Bad Mergentheim,H
Celal,Weimer,1912-03-17,1912,M,61149,gehringerhansgeorg@aol.de,+49(0)7055772513,Birgit-Klingelhöfer-Weg 27,Hefrord,C
Aagta,Mosemann,1968-06-09,1968,F,83230,jonasjungfer@gmail.com,04662 661111,Lisette-Rust-Straße 5,Böblingen,A
Arnim,Hermighausen,1985-04-01,1985,M,34798,uzahn@yahoo.de,(09776) 829900,Rena-Holsten-Gasse 65,Herzberg,A
,Pruschke,1944-07-30,1944,M,47703,rene56@yahoo.de,08325 73256,Kitzmannstraße 011,,E
Viktoria,Haering,2000-01-23,2000,F,46822,uconradi@web.de,+49(0)0033 13669,Claudius-Geißler-Gasse 3/3,Osterburg,V
Yevtte,Jäntsch,1917-02-24,1917,F,83487,heserjosefine@hotmail.de,+49 (0) 6125 894534,Kraushaarweg 199,Ebersberg,Y
Sören,Schleich-ullrich,1955-05-14,1955,M,13522,christinawinkler@yahoo.de,+49 (0) 7485 338695,Kühnertring 520,Erkelenz,S
Jnaus,Gute,2014-11-27,2014,M,70258,rebecca58@yahoo.de,+49(0) 861791649,Langeallee 109,Eutin,J
Brunhilde,Paffrath,1925-03-04,1925,F,28311,uheser@hotmail.de,01752613827,Anne-Rose-Löchel-Ring 5,Kassel,B
Emil,Knappe,1944-12-14,1944,M,,alfritter@gmx.de,(06915) 805421,Marianne-Freudenberger-Platz 4,Coburg,E
Sandra,Graf,1932-10-03,1932,F,18068,vbaum@web.de,+49(0)7145937042,Renate-Keudel-Ring 833,Hohenmölsen,S
Leonhard,Adolph,1999-02-22,1999,M,13470,johannekrebs@hotmail.de,+49 (0) 7144 264124,Valeri-Finke-Weg 5,Norden,L
Wally,Salz,1976-01-01,1976,F,12716,dittmarehlert@gmail.com,+49(0)4979 858391,Kadeallee 43,Bernburg,W
Ronald,Rogge-stahr,1979-01-19,1979,M,82499,alfonso90@gmail.com,09401716959,Wielochstr. 334,Mayen,R
,Wagenknecht,1983-09-07,1983,F,52929,iwantlustek@gmx.de,(04637) 60872,Angelika-Steuer-Allee 8,Grafenau,B
Christoph,Etzold,1990-03-03,1990,M,18402,vinkowielohc@web.de,0981923603,Möchlichengasse 2,Eckernförde,C
Dieter,Hübel,2017-02-20,2017,M,51435,vinko39@gmail.com,+49(0)7458 059125,,Ribnitz-Damgarten,D
Anselm,Hiller,1945-06-28,1945,M,65893,madlen90@aol.de,06770 65075,Ricarda-Mülichen-Straße 1/3,Scmhölln,A
Stefano,Budig,2014-01-02,2014,M,29108,gumprichselim@gmx.de,+49(0) 196229910,Holzapfelallee 176,Feuchtwangen,S
Jiri,Bohnbach Beng,1979-03-29,1979,M,42479,baerbelbaum@gmx.de,+49 (0) 4961 446702,Abbas-Junken-Straße 5/7,Shcwäbisch Gmünd,J
Saskia,Bachmann,1921-10-27,1921,F,73811,lenibirnbaum@web.de,(06081) 36552,Adlerallee 520,Zossen,S
Geza,Trsöt-nerger,1925-01-22,1925,F,70681,zkiller@gmx.de,04312 452627,Ditschlerinallee 257,Kitzingen,G
Eva-marie,Rörricht,2024-11-20,2024,F,60293,jutta75@yahoo.de,+49(0)6300387542,Angelo-Dehmel-Allee 85,Cuxhaven,E
Berta,Adolph,1927-01-28,1927,F,19481,,,Hertrampfweg 66,Griesbach Rottal,B
Antonino,Trupp,2017-06-29,2017,M,21136,reinhardtsilva@web.de,+49(0)5494 44304,Svea-Kallert-Ring 13,Scheinfeld,A
Heinz-günter,Römer-hofmann,2015-08-31,2015,M,70013,erogner@gmx.de,,Kata-Rust-Ring 5/0,Sternberg,H
Lore,Harloff,1983-02-24,1983,F,12684,steinbergbirthe@hotmail.de,,Anita-Schmiedecke-Allee 438,Eckernförde,L
Francoise,Kade,2007-03-08,2007,F,30464,klaushenck@web.de,08222928813,Heydrichgasse 44,Burg,F
Eckehard,Pölitz Beng,1999-04-20,1999,M,30837,kkiller@yahoo.de,(00618) 106193,Ringring 959,Jena,E
Friedhelm,Hahn,1938-12-10,1938,M,41872,patrizia84@googlemail.com,01473815119,Bergerweg 24,Lübz,F
Branko,Ladeck,2016-11-13,2016,,37788,svetlanalangern@googlemail.com,05529 764310,Trubplatz 446,Osterode am Harz,B
Josefa,Stiffel,2014-08-01,2014,F,67267,krameremin@gmx.de,(08362) 31114,Valentin-Rörricht-Weg 38,Sebnitz,J
Carin,Bien,1947-06-25,1947,F,72522,manszdenka@googlemail.com,+49 (0) 9835 902794,Susanna-Süßebier-Allee 8,Halberstadt,C
Klaus,Gotthard,2018-10-06,2018,M,39173,junitzemmy@gm.xde,04575380106,Monika-Salz-Gasse 7/3,rGiesbach Rottal,K
Wenzel,Putz,1939-12-24,1939,M,,valerijhartmann@yahoo.de,+49(0)9080 48298,Piepergasse 3,Wittstock,W
Liselotte,Briemer,1998-09-20,1998,F,07884,jennyfroehlich@hotmail.de,+49 (0) 8841 306271,Sieglinde-van der Dussen-Platz 1/1,Aue,L
Edda,Bien,1983-12-26,1983,F,28772,tsorgatz@googlemail.com,+49(0)8168075544,,Kusel,E
Hans-h,Masn,1926-05-25,1926,M,37313,lehmannflorian@gmail.com,,Heydrichring 12,Quedlinburg,H
Tino,Huhn,1915-04-10,1915,M,57038,danielle08@gmail.com,+49(0)4392 13257,Juri-Franke-Ring 55,Vilsbiburg,T
Vera,Wulf,1961-06-09,1961,F,,pschmiedt@gmail.com,(06313) 14339,Oda-Wagenknecht-Straße 060,Beilngries,V
Tamara,,1968-12-10,1968,F,55489,woldemarfritsch@web.de,+49(0)9747517175,Winklerplatz 52,Kamenz,T
Gordon,Weller,1946-04-13,1946,M,23051,holzapfelarif@hotmail.de,,Anja-Klemt-Platz 5,München,G
Sergio,Rogge,1958-02-23,1958,M,52883,branko93@web.de,09106 857758,Wulfgasse 6,Rottweil,S
Otfried,Ritter,1937-10-19,1937,M,03073,nuraymohaupt@yahoo.de,+49(0)0465 31402,Bernt-Bruder-Weg 0/8,Jena,O
Susanna,Mentzel,1984-01-01,1984,F,31838,oliver92@web.de,03829521714,Robin-Kensy-Ring 383,,S
Silke,Sontag,1915-09-10,1915,F,09932,pweinhage@gmx.de,+49 (0) 9370 349924,Krausweg 80,Mallersdorf,S
Karl-hans,Beier,1970-12-15,1970,M,32312,rouvenklapp@web.de,,Benno-Beckmann-Straße 7,,K
aKrolin,Fiebig,1985-11-16,1985,F,85792,whande@gmail.com,+49(0) 844804354,Manuela-Hande-Ring 86,Schleiz,K
René,Hornig,1963-10-27,1963,,16733,emmischuster@gmail.com,+49 (0) 4183 306663,Faustplatz 96,Bersenbrück,R
Hans-michael,Möchlichen,1914-11-27,1914,M,,zdravko48@aol.de,+49(0) 486505542,Giorgio-Rädel-Platz 2,Sömmerda,H
Hans-detlef,Rosenow,1952-05-23,1952,M,59542,eberhardt99@gmail.com,+49(0)2722 563329,,Dieburg,H
Pius,Lorch-ladeck,1963-06-15,1963,M,04488,baererpaul-gerhard@hotmail.de,(04338) 84482,Meisterstraße 2,Celle,P
,Binnre-hahn,1980-01-22,1980,M,19379,hans-dieter32@hotmail.de,+49(0)0364808097,Benderstraße 23,Ilmenau,A
Lorenz,,1957-05-21,1957,M,96609,georgia83@gmail.com,04225556217,Verena-Wohlgemut-Weg 2,Rostock,L
Katherina,Hande,1971-03-18,1971,F,47382,olgarust@hotmail.de,+49(0)4362248495,Davidsring 669,Mühlhausen,K
Vassilios,Jäkel,2012-09-22,2012,M,23517,renato25@googlemail.com,02517 78694,Bianka-Jacobi Jäckel-Straße 09,Dinkelsbühl,V
Marek,Schäfer,2018-12-13,2018,M,17523,betinaaumann@gmx.de,(01696) 49050,Eva-Jüttner-Straße 49,Wolfach,M
Ute,Segebahn,1971-09-26,1971,F,28315,jmuehle@aol.de,+49 (0) 7039 624100,Henschelallee 6/6,Donaueschingen,U
Walli,Röhrdanz-wohlgemut,1948-01-16,1948,F,22562,thilodoehn@gmail.com,+49(0)1098 935767,,Hofgeismar,W
Hannelore,Thanel,1990-04-26,1990,F,51274,sonianohlmans@yahoo.de,,Oderwaldweg 9,Querfurt,H
Rduolph,Durbin,2017-12-05,2017,M,85691,miroslaw00@googlemail.com,,Violetta-Rose-Ring 31,Senftenberg,R
,Benthin,1971-10-19,1971,F,62992,bonbachmike@googlemail.com,0827084486,Wohlgemutgasse 4/9,Rochlitz,D
Karl-josef,Södnig,1931-08-18,1931,M,61572,juettnersalih@gmx.de,01991612343,Lieschen-Saue-rPlatz 757,Osterode am Harz,K
Hansgeorg,Gieß,1940-12-22,1940,M,66782,bachmanrnoland@gmail.com,09639 83803,Annette-Sorgatz-Straße 534,Kemnath,H
Joanna,Weinhold-köster,2024-09-22,2024,F,12196,huelya72@hotmail.de,0002382042,Tatiana-Lachmann-Allee 1,Neubrandenburg,J
Samuel,Lange,1973-09-15,1973,M,89645,rose-marie60@hotmail.de,+49(0)4300 48204,Kathy-Bolnbach-Straße 5,Borken,S
Janin,Birnbaum,2010-07-17,2010,F,31599,friedlpatberg@gmail.com,+49(0)1194 848686,Lidwina-Stolze-Straße 426,Soltau,J
Grzegorz,Bolander,2024-01-20,2024,M,55928,harlofffranka@web.de,07238 14213,Striebitzring 612,Peine,G
Folkert,Trüb,2002-01-05,2002,M,70398,zirmemina@aol.de,0045255662,Warmerstraße 8/2,Osterode am Harz,F
Doris,Hellwig,1946-08-08,1946,F,58925,franz-peterditschlerin@gmail.com,03273 00651,Stolzeweg 633,Regensburg,D
Petra,Rohleder,1998-12-29,1998,F,89099,kaethidowerg@googlemail.com,+49(0) 183397241,Elisabet-Karge-Allee 2,Aurich,P
Friedbert,Geisler,1937-03-19,1937,M,83597,zimmerjo@aol.de,+49 (0) 3951 882637,Hans-H.-Ritter-Straße 184,Tübingen,F
Marica,Weinhage,2007-11-10,2007,F,28328,leonardoladeck@web.de,01319 23024,Kathy-Henschel-Platz 2,Tecklenburg,M
Reimar,Ortmann,1962-04-25,1962,M,85112,hessabdullah@gmail.com,+49(0)6412427900,Killerstraße 90,Borken,R
Mohammad,Wiek-speer,1945-09-05,1945,M,53453,franz-peter09@aol.de,+49(0) 347201742,Karzstr. 3/3,Eisenach,M
,Hreing,1958-11-30,1958,M,63875,ykoch@hotmail.de,+49(0)8601 012362,Jesselweg 9,Erfurt,D
Luzia,Bruder,1912-02-05,1912,F,99862,nneureuther@yahoo.de,,Claas-Gnatz-Platz 24,Wittmund,L
,Gunpf-schmidt,2004-10-13,2004,M,51689,rnette@web.de,+49(0)0884 88248,Mentzelplatz 498,Schmölln,I
Valentin,Gotthard,1959-04-07,1959,M,41099,geertbohlander@gmx.de,(09855) 08065,Heidrichallee 168,Gifhorn,V
Sibille,Ziegert,1920-05-14,1920,F,82068,marzenastiebitz@hotmail.de,05681 865528,Beierstr. 345,Aschaffenburg,S
Jane,Dussen Van,1913-02-07,1913,F,66313,louisruppersberger@aol.de,06714488629,Sofia-Baum-Ring 35,Pegnitz,J
Annie,Schinke,1925-05-12,1925,F,07512,idahoevel@gmx.de,00317 49710,Schusterallee 1,Bernburg,A
Mira,,1969-09-10,1969,F,83728,whamann@web.de,,Drubplatz 403,Duderstadt,M
Kurt,Ruppersberger Beng,1915-11-14,1915,M,89952,xmangold@googlemail.com,+49(0)3486 760365,Lili-Fliegner-Ring 2,Pegnitz,K
Joanna,Sölzer,1993-12-04,1993,F,49031,brudermartha@yahoo.de,,Aumanngasse 9,Freising,J
Charles,Beyer,1911-09-02,1911,M,92171,adrianadrubin@googlemail.com,+49 (0) 9227 307027,Kristine-Wernecke-Weg 227,Meißen,C
Margit,Jüttner,1934-12-25,1934,F,81856,paola50@hotmail.de,+49(0)8206 10868,Rohlederring 3,Höxter,M
Ayse,Kaul,1936-02-29,1936,,13055,obolnbach@aol.de,+49(0)3273 59369,Hans-Josef-Hfomann-Gasse 3/6,oRthenburg ob der Tauber,A
Gero,Mohaupt-wilms,1992-12-26,1992,M,,maustermuehle@aol.de,01872153459,Dörrweg 448,Aue,G
Ismail,Barth,2011-03-01,2011,M,41075,cemil84@gmail.com,+49(0) 541387639,,Klötze,I
Jens-uwe,Kroker,2021-08-14,2021,M,90026,gkostolzin@gmail.com,00100 66092,Jose-Rohleder-Gasse 7,Wetzlar,J
Andy,Briemer-weinhage,1945-07-06,1945,M,24053,margithornig@web.de,+49(0)6526 77868,Burkard-Gnatz-Weg 04,Gotha,A
Hatice,Beckmann,2003-12-15,2003,F,28256,sorgatzheini@yahoo.de,02242420998,,Neubrandenburg,H
Rocco,Geisel,1915-09-15,1915,M,57652,ywiek@yahoo.de,06684 31962,Gießplatz 6,Heiligenstadt,R
Edda,Kensy,2015-12-01,2015,F,39818,,+49(0)0064 397794,Hentschelstr. 307,Lnüeburg,E
Cetin,Stahr,1933-02-23,1933,,08833,,+49 (0) 5930 999303,Tschentscherplatz 9,Hammelburg,C
Larissa,Mangold,1937-09-02,1937,F,98219,bernfriedhering@yahoo.de,(02522) 649337,Ortmannring 96,,L
Apollonia,Berger,1958-01-15,1958,F,18025,ewaehner@gmail.com,,Sagerallee 6,Lübz,A
Holm,Heidrich,1925-06-24,1925,M,04114,meral29@hotmail.de,,Erol-Rogner-Platz 7,Gardelegen,H
Ursula,Seip-trapp,1982-12-20,1982,F,67424,doerschnerursel@aol.de,+49(0) 450645853,Keudelring 1/3,Dachau,U
Käte,Bonbach,1984-11-20,1984,F,56770,ofreudenberger@googlemail.com,,Slawomir-Flantz-Ring 697,Seelow,K
Margitat,Nohlamns,1942-04-18,1942,F,50298,,0413124518,Mudeweg 6,Goslar,M
Mara,Gutknecht,1983-03-11,1983,F,42510,iwan91@web.de,,Försterplatz 373,Sömmerda,M
Victoria,Kreusel-gehringer,2000-08-10,2000,F,75640,lothar92@web.de,+49(0)1155 24975,Hendriksring 32,Lübz,V
Ljiljana,Gröttner-dörschner,1947-12-16,1947,F,44535,zenonrudolph@gmx.de,,Höfigstraße 6/8,Kelheim,L
Viktor,Pergande,1978-07-20,1978,,01334,kargesara@yahoo.de,04932 35894,Hanno-Harloff-Allee 82,Wunsiedel,V
,Lange,1914-12-07,1914,M,68451,heincarin@gmx.de,09977 436627,Hettnerweg 06,Ebermannstadt,H
,Klapp,2010-04-26,2010,F,17176,stolzehanne-lor@eweb.de,01247 312900,Gunpfallee 6,Grevesmühlen,G
Ibrahim,Haase,1995-05-04,1995,M,23022,xhahn@hotmail.de,+49 (0) 5497 187337,Möchlichenallee 85,Lörrach,I
Katherina,Nerger,2018-07-28,2018,F,32040,khuebel@hotmail.de,04585 46318,Margrafallee 54,Starnberg,K
Jann,Geißler,1972-03-18,1972,M,58684,jovansoeding@web.de,05603 530883,Maurizio-Stroh-Weg 05,Erding,J
Bernward,Säuberlich Beng,1924-08-31,1924,M,79130,vanessaconradi@aol.de,+49(0) 454370784,,Großenhain,B
Miguel,Säuberlihc,1945-12-26,1945,,58225,majabender@gmail.com,+490() 715012321,Lukas-Bärer-Gasse 5,Sonneberg,M
Helena,Patberg,1919-03-08,1919,F,80370,wesackhueseyin@yahoo.de,+49 (0) 2984 941911,Schmidtring 0,Neustadt am Rübenberge,H
Christel,Jäkel-mohaupt,1971-02-02,1971,F,14196,ruppersbergertheodor@aol.de,05252 031145,Seifertstraße 026,Kemnath,C
,Wulff,1926-01-11,1926,M,21083,isabel36@aol.de,08407 856861,Sybilla-Renner-Platz 6,Mainburg,S
Dorel,Heinrich,1984-02-13,1984,F,42377,waehnerilij@agmail.com,+49(0)6449 97763,Susi-Zänker-Starße 42,Bautzen,D
Lina,Sorgatz,1950-07-23,1950,F,,annedore71@gmail.com,01047 703218,Simone-Grein Groth-Platz 3,Griesbach Rottal,L
Magdalene,Nohlmans,1950-06-19,1950,F,73615,gertikrebs@googlemail.com,04213 00392,Fechnerweg 367,Miltenberg,M
Amelie,Barth,1943-07-13,1943,F,72317,hans-dhande@web.de,,Curt-Striebitz-Straße 9,Rothenburg ob der Tauber,A
Marianne,Mude,1954-08-06,1954,F,99666,stanislaw63@aol.de,(01600) 18269,Tim-Nohlmans-Ring 519,Oranienburg,M
Katalin,Römer,2022-03-17,2022,F,32977,monatrueb@hotmail.de,0854 460348,Frauke-Meister-Platz 4,Biedenkopf,K
Karl-josef,Stoll,1934-11-10,1934,M,04240,sarah79@googlemail.com,09351 24515,Hans Georg-Dobes-Weg 7,,K
Burkhard,Klozt,1911-01-25,1911,M,44497,emangold@hotmail.de,0719247519,Möchlichenweg 441,Husum,B
Constance,Rudolph,1934-11-07,1934,F,,vitali03@hotmail.de,+49(0)8309669388,Liebeltstr. 0,Säckingen,C
eHide-marie,Börner,1993-03-29,1993,F,77956,ggrein-groth@web.de,(06360) 26835,Schmidtstr. 540,Hünfeld,H
Minna,Barkholz-fritsch,1928-10-01,1928,F,80776,uherrmann@hotmail.de,+49 (0) 5285 794044,Detlef-Pechel-Weg 3/2,Herford,M
Agnieszka,Geisel,1924-04-08,1924,F,60417,akoester@web.de,06460 534419,Anette-Finke-Weg 1,Nauen,A
Editha,Rörricht,1966-01-20,1966,F,89209,birthe24@aol.de,08709650781,Misicherstraße 79,Eisleben,E
Ursula,,1922-05-05,1922,F,63989,xsuessebier@yahoo.de,+49 (0) 7905 584062,Miesgasse 94,Hammelburg,U
Eckhard,Scheibe,1960-06-16,1960,M,00019,mudestefan@gmx.de,+49(0)9662 84197,Ibrahim-Wagner-Platz 4,Dinslaken,E
Hans,Jörg Seifert,1917-09-30,1917,M,39225,geiselanni@aol.de,05253 00178,Rose-Roht-Ring 4/8,Heiligenstadt,H
,Jacob,1925-08-09,1925,F,94167,nerminmuelichen@web.de,+49(0)9950 339666,Klaudia-Linke-Gasse 9,Höxter,C
Irmengard,Juncken,1977-08-31,1977,F,95066,nicolaus53@yahoo.de,+49(0)9581 502968,Balthasar-Hettner-Allee 079,Eisleben,I
Elzbieta,Weimer-rosemann,2022-02-07,2022,F,46030,vittorioraedel@gmail.com,+49(0)3637 73592,Dieter-Gute-Straße 260,Tecklenburg,E
Hans-helmut,Hethur,1918-04-11,1918,M,96874,nweller@googlemail.com,(08344) 89317,Ilja-Mosemann-Gasse 159,Uezlen,H
Marijan,Junk,2023-12-14,2023,M,42183,wscholtz@googlemail.com,,Henning-Schomber-Ring 2,Rehau,M
Mahmut,Rust,1963-06-24,1963,M,98305,schoenlandalois@googlemail.com,,Süßebierstr. 8,Naila,M
Aneta,,1996-08-05,1996,F,45702,hethurgertraude@googlemail.com,0236026187,Buchholzgasse 50,uGben,A
Marica,Holsten,1998-10-24,1998,F,12122,kreinkarl-heinz@aol.de,09815 623322,Gehringerweg 32,Weißenfels,M
Delia,Mühle,2016-09-09,2016,,21592,pnimeeier@web.de,(03883) 632230,Gisela-Fechner-Platz 290,Wurzen,D
Anastasia,Stoll-hartung,1923-11-26,1923,F,94584,ilija87@googlemail.com,(07584) 80130,Hans-Michael-Etzler-Straße 61,Malchin,A
Erol,Hornich,1998-08-06,1998,M,89940,pfranke@gmail.com,01566 582144,Dippelgasse 1,Olpe,E
Sibilla,Ullmann,2019-02-27,2019,F,89775,pthies@gmail.com,,Schollstr. 98,,S
Birgid,Röhrdanz,1955-10-12,1955,F,13528,marlis03@aol.de,(08144) 214966,,Hechingen,B
Ioannis,Heser-hänel,2006-12-03,2006,M,67660,rognertherese@googlemail.com,,aMrgrafstr. 8,Witzenhausen,I
Damaris,Putz,1965-01-18,1965,F,53698,dorotajuettner@web.de,+49(0)7894 934962,Speerallee 052,Tuttlingen,D
Heinz-peter,Zobel,1938-12-16,1938,M,69803,ymentzel@web.de,+49(0)5161040533,Schleichweg 776,Staffelstein,H
Elmar,Reinhardt,1917-06-24,1917,M,95944,heuserhenning@gmx.de,+49 (0) 2288 339376,,Merseburg,E
Mato,Dörschner Beng,1947-11-18,1947,M,,mkaester@hotmail.de,03495500760,Natali-Kensy-Ring 8/6,Senbitz,M
Mike,Herrmann,2009-11-21,2009,M,33825,dorismoechlichen@gmail.com,0003451000,Pieperring 682,Donaueschingen,M
Burckhard,Dehmel,1916-01-26,1916,M,41692,dkostolzin@aol.de,+49(0) 800717602,Adlerstr. 4/4,Freital,B
Justine,Weinhage,1973-06-25,1973,F,04104,edelgard69@gmx.de,03030 419472,Horst-Peter-Bachmann-Ring 409,Husum,J
Milan,Wieloch,1989-11-01,1989,M,34492,,06205 900038,Kühnertring 3,Grafenau,M
Grit,Löffler-noack,1950-01-05,1950,F,62476,gierschnerurs@googlemail.com,+49(0)5921 056895,Ehlertallee 9/2,Roding,G
Kirstin,Spieß,1986-12-07,1986,F,89529,gisbertgnatz@aol.de,01081640598,Wulfplatz 87,Fürstenwalde,K
Eveline,Steuer,1975-08-20,1975,F,86813,hoerlegotthold@googlemail.com,+49(0)5476 21442,Linkering 5,Düren,E
Hildegard,Ebert-klotz,1959-03-09,1959,F,95340,donatastoll@hotmail.de,0085093784,Fechnerplatz 8,Kitzingen,H
Sibylla,,1913-01-09,1913,F,96049,katy73@gmail.com,+49(0)5483 79486,,Rostock,S
Yvette,,2012-11-23,2012,F,64202,zoestrovsky@web.de,+49(0)9919 897038,Drubinalele 1,Bruchsal,Y
Helmar,Wieloch-ditschlerin,1925-06-08,1925,M,88779,,09196720252,Leonid-Lübs-Gasse 19,Hohenstein-Ernstthal,H
Till,,1992-03-07,1992,M,94969,herwig58@hotmail.de,(02214) 45002,Schottinring 4/1,Gräfenhainichen,T
Detlev,Pölitz,1999-01-31,1999,M,50760,hannyjacob@googlemail.com,(06794) 89314,Hiltrud-Hertrampf-Allee 225,Ebermannstadt,D
Hasan,Ehlert,2021-10-17,2021,M,62544,zring@aol.de,+49(0)9975 08011,Schusterstr. 155,Hannover,H
Cosima,Carsten,1910-10-21,1910,F,71665,rbaerer@aol.de,+49(0) 668256054,Hildegunde-Blümel-Weg 3/7,Hechingen,C
Hülya,Klemt,1997-05-07,1997,F,32588,cindyetzold@hotmail.de,+49(0)0481 08809,Daniele-Heintze-Platz 362,Heinsberg,H
Enver,,1981-12-19,1981,M,27526,zconradi@gmx.de,+49(0) 389402967,Oswald-Bohnbach-Ring 256,Plauen,E
Sylvia,Nerger,1940-07-23,1940,F,29829,ghenschel@yahoo.de,01873 68058,Urszula-Nerger-Platz 6,Ahaus,S
Zbigniew,Rudolph,2000-10-23,2000,M,05898,valentin95@web.de,+49(0)3472 513472,Sölzerstraße 74,Biedenkopf,Z
Nadja,Eberhardt,2019-10-19,2019,F,61844,ester33@web.de,+49(0)7861 824488,Ziegertalele 2,Greiz,N
Hanne-lore,Bohlander,1925-03-17,1925,F,08923,gedra47@googlemail.com,+49(0)7418 843799,Kostolzinplatz 28,Pirmasens,H
Marian,Etzold,1936-12-27,1936,M,45692,karl-hermanngnatz@gmail.com,(00256) 56694,Silvester-Jähn-Weg 278,Anklam,M
Valeria,Rosemann,1978-04-28,1978,F,55404,arnulfhermighauesn@aol.de,,Monja-Bolander-Gasse 0,Eckernförde,V
,Hofmann,1943-04-02,1943,M,89370,gudulakaester@gmail.com,(09779) 76535,Sönke-Kallert-Straße 4/5,Scheinefld,E
Jacob,Köster,1987-02-12,1987,M,87868,woestrovsky@web.de,(08943) 373968,Tlusetkplatz 2/2,Biedenkopf,J
Leopoldine,Hering,1984-08-06,1984,F,39982,wilfried65@gmx.de,+49 (0) 4792 720872,Jäkelstraße 89,Göppingen,L
Bernhardine,Heintze,1985-04-29,1985,F,66007,karinakoester@hotmail.de,+49 (0) 2009 288419,Viktor-Adolph-Gasse 2/5,,B
,Stolze,1982-12-05,1982,F,66184,nasernancy@gmx.de,+49(0)3350207463,Ekaterina-Röhrdanz-Allee 188,Eilenbugr,B
Hidla,,1933-04-04,1933,F,21742,sieringsusana@gmx.de,+49(0)0208 65698,Hanny-Reising-Straße 2,Dieburg,H
Carsten,Langern,1933-09-22,1933,M,38749,hans-walterpergande@aol.de,,Haeringring 31,Osterburg,C
Ella,Römer,1958-01-10,1958,F,04485,ysaeuberlich@aol.de,+49(0)3181586355,Nicole-Reuter-Weg 8/6,Dinslaken,E
rKistian,Atzler-segebahn,1983-06-28,1983,M,24251,juliana44@aol.de,(07318) 013073,Oderwaldplatz 8,Rastatt,K
Luis,Segebahn,1958-04-27,1958,M,29384,heinricherika@googlemail.com,,van der Dussengasse 2/3,,L
Amelie,Linke,1937-09-27,1937,F,69616,pascale74@gmx.de,0983941995,Bergerstraße 5,Fulda,A
Sibel,Schleich,1941-06-11,1941,F,57019,yroskoth@web.de,02743 817856,Carola-Wende-Weg 717,Rostock,S
Friedrich-karl,Gotthard,1973-06-07,1973,M,71613,iad81@googlemail.com,+49(0)4761 07149,Alexander-van der Dussen-Gasse 051,Bad Langensalza,F
Irmhild,Kade,2025-04-10,2025,F,83520,marybuchholz@hotmail.de,+49(0) 446050757,Mato-Karge-Weg 9,Mellrichstadt,I
Krzysztof,Schacht,1927-02-06,1927,M,71211,sergiogierschner@yahoo.de,0297642048,,Hünfeld,K
Theo,Naser,1949-08-24,1949,M,06690,ilja40@gmx.de,(09244) 12371,Trübstr. 3/7,Regen,T
Gretl,Hentschel,1945-09-08,1945,F,20105,anne-kathrinhamann@aol.de,+49(0) 222235154,Gerald-Hendriks-Allee 7/0,,G
Tamara,Beer,1940-11-01,1940,F,83231,cschmiedt@hotmail.de,(06874) 783623,Marleen-Weihmann-Straße 8,Merseburg,T
Calra,Schlosser,1977-07-21,1977,F,44844,jovan28@aol.de,07170 68772,Ottostraße 29,Fürstenfeldbruck,C
Christina,Mangold,1996-10-17,1996,F,77322,wirthmaurice@gmx.de,+49(0)2052559976,Yilmaz-Christoph-Platz 716,Nürtingen,C
Käte,Zobel-metz,1961-11-16,1961,F,,reisingleonid@gmx.de,+49(0)9285286435,Budiggasse 140,Biedenkopf,K
Damian,Ruppert,2021-10-22,2021,M,96917,hans-erich50@web.de,(00963) 85345,Etzoldstraße 6,Koblenz,D
uRpert,Ackermann,1945-11-25,1945,M,56444,iwona55@googlemail.com,+49(0) 877654476,Camilla-Misicher-Ring 4/6,Zossen,R
,Steuer,1994-07-08,1994,F,84025,larissa40@hotmail.de,02738633989,Döhnstr. 35,Rehau,L
Salvatore,Etzler-mülichen,2000-09-10,2000,M,81919,krausehueseyin@googlemail.com,(01051) 48139,Beckmannring 65,Euskirchen,S
Reinhart,Eimer,1976-05-24,1976,M,38605,theres13@gmx.de,(01599) 175778,Eimerweg 38,Viechtach,R
Michail,Bine,2018-03-20,2018,,92067,vogtcengiz@hotmail.de,+49 (0) 3208 386454,Alexandros-Geisler-Gasse 53,,M
Kriemhild,Staude,2006-07-28,2006,F,63389,sabinepaertzelt@hotmail.de,00135 607479,Sergei-Benthin-Weg 909,Duderstadt,K
Anja,Salz,2007-03-13,2007,F,60081,warmertilo@gmail.com,+49(0)3837 45368,Plathplat z72,,A
Urszula,Bauer,1990-08-06,1990,F,11684,hans-joergschleic@hgmx.de,+49(0)5141 165182,Traudel-Juncken-Allee 0,Rtahenow,U
Milica,Ebert-schinke,2022-10-19,2022,F,54870,qbenthin@aol.de,(03243) 34145,Schmidtkering 84,München,M
Ljudmila,Etzold-kobelt,2007-02-26,2007,F,42379,manuel60@yahoo.de,00762 376110,Stolzestr. 0/2,Scheinfeld,L
Anne-kathrin,Hübel,1988-10-10,1988,F,86821,dstadelmann@gmx.de,08788 696181,Junitzgasse 7/9,Geithain,A
Chantal,Schenk,1997-09-20,1997,F,16205,dhering@yahoo.de,+49(0)0777 317689,Lilija-Renner-Platz 7/4,Bischofswerda,C
Ursel,Wesack,1945-11-29,1945,F,21824,jasmin42@gmx.de,(06618) 375804,Istvan-Klapp-Platz 632,Pfaffenhofen an der Ilm,U
Meike,Steuer,1926-08-01,1926,F,99776,ibonbach@googlemail.com,,Heringweg 9,Stendal,M
Anthony,Geißler,1919-05-30,1919,M,37044,binnerfadime@aol.de,+49 (0) 1545 846156,Dörrgasse 473,Plauen,A
Franz,Josef Johann,1965-12-21,1965,M,20860,yaseminharloff@googlemail.com,+49 (0) 2982 913720,Alfred-Thanel-Ring 0,Donaueschingen,F
Theo,Henk,1957-07-22,1957,M,02445,fbaum@aol.de,,Miesplatz 435,Oschatz,T
Fritz,Grein Groth,1912-04-17,1912,M,29294,,+49 (0) 8973 103427,Kai-Uwe-Faust-Gasse 5/8,Calw,F
Salih,Zahn,1910-10-03,1910,M,11390,zimmertheresia@yahoo.de,0610667944,Gunpfgasse 134,Jena,S
,Zobel,1999-03-15,1999,F,81724,veronikadoerr@gmail.com,+49(0)1883 310725,Haaseweg 096,Melle,A
Anne,Etzold,1963-11-05,1963,F,88920,ladislaus02@googlemail.com,(09212) 56129,Sofie-Hein-Straße 0/9,Mainburg,A
,Mülichen-löffler,1917-03-23,1917,F,05841,hans-albertkarge@gmail.com,06128 98806,,Quedlinburg,I
Rainer,Karge,1998-08-20,1998,M,97417,drago94@gmail.com,06779 13901,Reuterstr. 2/0,Scheinfeld,R
Reni,Margraf-weimer,1988-08-31,1988,F,68280,hartmannwalfried@yahoo.de,+49(0)9797994994,Judith-Boucsein-Platz 9/9,Wittstock,R
Dorina,Löffler-gnatz,2014-02-28,2014,F,06887,segebahndiana@googlemail.com,05218 586131,Matthias-Röhricht-Ring 9/3,Marktheidenfeld,D
Linus,Radisch-drub,1995-08-08,1995,,08118,rdussen-van@gmx.de,03335217972,Mudering 284,Bad Freienwalde,L
Melanie,Franke,1970-12-21,1970,,03499,binnersiegmar@googlemail.com,,Ralph-Kohl-Weg 0/1,Merseburg,M
Hedi,Sorgatz-bien,2010-12-10,2010,F,32459,wsorgatz@gmx.de,05151 99942,Heide-Marie-Scheibe-Gasse 3/8,Soltau,H
Gertraude,Weitzel,1983-10-11,1983,F,23863,hoerlekatherina@gamil.com,+49(0)9315 22629,Christian-Heß-Straße 3,Hoyerswerda,G
,Hering,1928-05-15,1928,F,47601,holgermende@gmail.com,(00791) 747571,Krzysztof-Hiller-Straße 6,Neubrandenburg,R
Hans,Josef Jopich,1981-05-01,1981,M,51262,frankerainer@hotmail.de,0756878973,Cristina-Austermühle-Straße 134,,H
Anett,Beckmann,2010-08-01,2010,,64053,richard36@gmail.com,0372275683,Kohlplatz 9/0,Bogen,A
,Harloff,2014-11-14,2014,M,86170,hans-eberhardschmidt@web.de,+49(0) 262984908,Sophie-Eberth-Straße 013,Staffelstein,G
Hellmuth,Weihmann,1939-02-23,1939,M,88122,zplath@aol.de,+49(0)0970646632,Ruststr. 21,Emmendingen,H
Ferdinand,Weiß,1930-04-21,1930,M,16245,jehntschel@googlemail.com,+49(0)9021 12906,Gumprichring 5,Zerbst,F
Margrit,Schaaf,1927-09-10,1927,F,31971,udo98@gmail.com,(00386) 59597,Junkenweg 012,Marienberg,M
Rolf-dieter,Naser,1935-06-30,1935,M,67005,,(09504) 06171,Loretta-Eckbauer-Ring 9,Illertissen,R
Joseph,Ehlert-sauer,1930-02-23,1930,M,,philippdobes@gmail.com,+49(0) 612847263,Emine-Koch-Weg 2,Perleberg,J
Theodoros,Gorlitz-sorgatz,1976-02-12,1976,M,20513,,+49 (0) 5753 374179,Alexej-Ebert-Gasse 74,Hainichen,T
Gislined,Benthin,1986-03-05,1986,F,30883,,0254528005,Ackermannweg 4,Augsburg,G
Lisbeth,Staude,1930-09-04,1930,F,07644,hahnhilda@gmx.de,05132675481,Eimergasse 017,Erfurt,L
Ernest,Höfig,1959-05-14,1959,M,37245,antonios11@web.de,00340 77230,Katerina-Steuer-Platz 57,Gießen,E
Roger,Schmidtek,1959-06-18,1959,M,62155,reinhild32@gmail.com,+49(0)3413491844,Gierschnerring 2,Nauen,R
Amelie,Mülichen,1950-07-04,1950,F,91966,cfliegner@hotmail.de,(07878) 95636,Goran-Blümel-Gasse 0,Bad Leibenwerda,A
Hans-otto,Sorgatz Beng,1923-07-24,1923,M,27075,ufritsch@gmx.de,+49(0)5213 12939,Holstenplatz 0/0,Ebermannstadt,H
Jasmin,Oestrovsky,1957-01-26,1957,F,78364,fatma47@yahoo.de,02846 68842,Jane-Liebelt-Gasse 18,Saulgau,J
Steven,,1949-07-16,1949,M,62977,,+49 (0) 2257 772519,Fritschstr. 681,Perlebegr,S
Silvester,Faust,1945-11-09,1945,M,25940,heidiseifert@web.de,+49(0)7672213396,Mentzelgasse 268,Nabburg,S
Gerhard,Fritsch,2022-03-12,2022,M,18477,jacobfrederike@hotmail.de,,Tobias-Zirme-Straße 6/4,Melle,G
Grit,Scholz,1942-08-05,1942,F,42197,nurettingierschner@web.de,+49 (0) 4607 104720,Fauststraße 9,Kumlbach,G
Jorge,Roskoth,1937-09-30,1937,M,,wiltrudjacob@gmail.com,03896 18017,Zobelgasse 72,Finsterwalde,J
Katerina,Roht-vogt,1984-09-04,1984,F,62879,ernstfelicitas@gmail.com,+49(0)8704 911013,Janos-Hübel-Straße 21,Wanzleben,K
,Kusch Beng,2012-05-20,2012,M,71098,schweitzerkaethi@gmail.com,+49 (0) 1426 926532,Tintzmannstraße 565,,G
Leo,,1954-02-12,1954,M,97251,otfriedhendriks@web.de,09556 360563,Rosenowgasse 61,Wolfach,L
Karl-georg,tSiffel,1940-09-09,1940,M,59300,stolldajana@web.de,,Löwergasse 156,Beeskow,K
Mike,Jockel,1983-07-04,1983,M,15943,tschulz@gmx.de,09630694066,Elias-Hentschel-Gasse 8,Sankt Goar,M
Tania,Kuhl,2020-01-12,2020,F,14699,deliastaude@yahoo.de,(03535) 137067,Ernst-August-Jüttner-Straße 34,Augsburg,T
Gitta,Hettner,1954-02-18,1954,F,57389,conradsteinberg@gmx.de,+49(0) 069581775,Heßring 7/1,Klötze,G
Ortrud,Junitz,1998-05-19,1998,F,02713,kurt10@gmx.de,+49(0)7092 99276,Schombergasse 45,Gunzenhausen,O
Marc,Wilms,2023-10-04,2023,M,,pladeck@yahoo.de,+49(0) 743730752,Paul-Heinz-Beier-Weg 834,Neubrandenburg,M
Helmtrud,,1968-03-28,1968,F,50425,jeberhardt@yahoo.de,02899 72550,Dietzallee 255,,H
Kerstin,Lindau-kabus,1980-03-27,1980,F,34441,ugierschner@web.de,05645 728897,Almuth-Vogt-Platz 8/7,Belzig,K
Dorota,Pieper,1968-10-30,1968,F,17511,thorbenlange@gmx.de,02164 44962,Vogtweg 668,Witzenhausen,D
Konstantinos,Weimer,1921-02-08,1921,M,10020,solveig63@googlemail.com,(05218) 440804,Josip-Adler-Gasse 0,,K
Nina,Holsten,1918-03-22,1918,F,86712,krebshenrike@gmail.com,+49(04)189 519299,Fechnergasse 4/4,Miesbach,N
Friedlinde,Seidel,1913-05-30,1913,F,24193,sophiawirth@gmx.de,+49(0)6200586170,Stadelmannstraße 3/8,Garmisch-Partenkirchen,F
Muzaffer,Gnatz,1956-12-19,1956,M,73925,svetlanaweimer@aol.de,+49(0)1528 244893,Sepp-Staude-Straße 66,Duderstadt,M
Gert,Scholz-hethur,1943-04-12,1943,M,52525,vthanel@aol.de,05629 57256,Gertraud-Trupp-Platz 7/6,Tübingen,G
Ibrahim,Weihmann,2016-02-29,2016,M,79619,ujunck@aol.de,,Nergerallee 890,Wolfach,I
Bertram,Hövel,1971-03-13,1971,M,40559,ibrahim66@gmail.com,,Matthäiallee 732,Kamenz,B
Diethelm,Gorlitz,1959-09-22,1959,M,89724,kaulhans-heinrich@yahoo.de,+49(0)2972626788,Schomberstraße 3,,D
Konstanze,,1998-11-14,1998,F,,stefan90@aol.de,+49(0)6272485563,Anka-Kaul-Ring 821,Bad Brückenau,K
Meinhard,Löffler,1948-11-22,1948,M,45630,caterina16@googlemail.com,+49 (0) 6140 881961,Rosa-Maria-Johann-Gasse 319,Schlüchtern,M
Lieselotte,Löffler,1984-08-05,1984,F,46991,,+49(0) 369016557,Henschelgasse 26,Paderborn,L
Babette,Krein,1952-02-04,1952,F,55675,riehlamelie@hotmail.de,00316 406609,Trappplatz 368,Quedlinburg,B
Katarina,Jockel-mohaupt,2024-01-12,2024,,97241,tstey@googlemail.com,(02839) 796130,Christin-Peukert-Platz 5/5,Augsburg,K
Emma,Renner,1936-01-18,1936,F,17074,gebhard81@googlemail.com,0315152162,Wendestr. 06,Zschopau,E
Ute,Wagenknecht,2001-03-30,2001,F,37643,domenico55@hotmail.de,+49 (0) 2278 464294,Thiesplatz 4/8,Mainburg,U
Zoran,Conradi,1993-01-22,1993,M,05208,scaspar@hotmail.de,+49(0) 853574488,Möchlichenweg 00,Naila,Z
lAma,Jockel,1921-12-29,1921,F,11469,seifertanatol@hotmail.de,+49 (0) 1783 659967,Anita-Mangold-Ring 385,Staßfurt,A
Lotte,Bohnbach,2001-10-06,2001,F,,stumpfrosl@aol.de,(05309) 89205,,Emmendingen,L
Gülsen,Lehmann,1991-01-13,1991,F,76791,muetz@gmail.com,+49 (0) 5392 405399,Krokerring 008,Dresden,G
Lars,Siering-pohl,1964-08-27,1964,M,44175,magdalenaschleich@yahoo.de,+49(0)6888070641,Dobesring 765,Marktheidenfeld,L
Lene,Birnbaum,1929-02-21,1929,F,41164,arzu49@aol.de,(09021) 867407,Dursun-Striebitz-Gasse 71,Rochlitz,L
Thekla,Pechel Beng,2009-05-21,2009,F,74952,erdmute24@web.de,0014886102,Casparplatz 0/8,eTterow,T
Pierre,Wirth,1922-12-23,1922,M,16677,helmuth31@yahoo.de,,Liliana-van der Dussen-Straße 6,Abmerg,P
,Wende,1961-06-21,1961,M,98504,alla87@web.de,05023 264952,Weinhagestr. 25,Rottweil,H
Hans-josef,Karge,1910-06-04,1910,M,65415,gschmidtke@aol.de,+4(90)9355 493357,Angelika-Wilmsen-Platz 82,,H
,Wagenknecht-kitzmann,1987-08-25,1987,M,,kscholtz@yahoo.de,0162162075,Mariana-Mälzer-Weg 24,Wiedenbrück,A
Veronica,Seifert,2002-01-30,2002,F,49992,letzold@hotmail.de,(05932) 73547,Gunpfplatz 3,Fulda,V
Marga,Mühle-wende,1967-08-25,1967,F,59385,margitta01@gmx.de,+49(0) 209534949,Ruppersbergerring 889,Kamenz,M
Timm,Eberhardt,2013-06-28,2013,M,35762,nschmiedecke@gmail.com,04482 89618,Sibilla-Beier-Ring 760,Rostock,T
Ann-kathrin,Keudel,1931-01-06,1931,F,48593,,+49(0)8556 830503,Bauwmeg 903,Staßfurt,A
Michaele,Hoffmann,1977-04-26,1977,F,59705,gkeudel@ao.lde,03073492322,Hentschelgasse 4/5,Torgau,M
,Klapp,1924-07-28,1924,F,87695,zobelmattias@hotmail.de,+49(0)4061500958,Schollplatz 9,Kronach,G
Rosita,Adler,2008-03-13,2008,F,18898,,+49 (0) 1131 721620,Hans-Günther-Hetnter-Allee 850,Füssen,R
Ludwina,Schmidtke,1925-07-31,1925,F,02058,serpilgeisel@gmx.de,,Reuterallee 3/1,Hansestadttralsund,L
Ehrhard,Schmidt,1967-05-19,1967,M,40893,gunter22@hotmail.de,0254206005,Kabusstr. 5/9,Stadtsteinach,E
Meinolf,Gude-hettner,1991-12-21,1991,M,09589,gheidrich@yahoo.de,+49(0)1688 04888,,Hildesheim,M
Resi,Wagner,1985-10-16,1985,F,40693,kuhlgabriela@gmail.com,+49(0)1852 73257,,Potsdam,R
Claus,Fröhlich,1965-04-07,1965,M,64986,cynthia61@yahoo.de,09836 523722,Arthur-Stoll-Weg 765,Vilsbiburg,C
Karl-josef,Gierschner,2014-11-24,2014,M,77736,doerteladeck@gmx.de,0438744808,van der Dussenstr. 5,Nordhausen,K
Woldemar,Sager,2013-03-31,2013,M,13326,cditschlerin@googlemail.com,+49(0)8146 440427,Hans-Adolf-Koch-Gasse 6/1,Hechingen,W
Sönke,Ziegert-karge,1989-01-19,1989,M,80325,detlefhethur@hotmail.de,+49(0)1106527266,Anne-Katrin-Metz-Platz 2/3,Griesbach Rottal,S
Farnk-michael,Budig,1993-06-05,1993,M,76142,irmhildtrapp@googlmeail.com,+49(0)9759 000082,Kabusstr. 7,Ribnitz-Damgarten,F
Cindy,Hofmann,1914-09-28,1914,F,20549,putzedwin@hotmail.de,+49(0) 496115313,Gröttnergasse 82,Eisleben,C
Ante,Etzler,1968-05-10,1968,M,48296,mariechenfaust@googlemail.com,+49(0)8736 18798,Niemeierweg 6/7,Hannoversch Münden,A
Evelin,Kraushaar,2003-04-13,2003,F,31001,fbarth@yahoo.de,00762 599587,Filiz-Kroker-Ring 210,Schwandorf,E
Ivana,Salz,1986-01-13,1986,F,54724,oscholl@web.de,+49(0)4208 095039,Georgine-Döhn-Straße 38,Ingolstadt,I
Leon,Karz Beng,2002-11-07,2002,M,16379,leszekkitzmann@gmx.de,+49(0) 499481173,Mülichenstraße 4/7,Erkelenz,L
Süleyman,Bloch,1971-06-07,1971,M,74232,lfaust@yahoo.de,0053951007,Hartungstraße 34,Darmstadt,S
Georg,Römer,2023-04-20,2023,M,28491,whertrampf@googlemail.com,+49(0)8751 90799,Ingetraud-Weinhage-Gasse 3,Melle,G
Engelbert,Jäkel,2022-07-12,2022,M,43606,kreuselmathilde@hotmail.de,(04458) 513315,Heserring 90,,E
Bogdan,Binner-seifert,1960-07-11,1960,M,56348,vitali97@googlemail.com,0997367016,Attila-Ditschlerin-Straße 5,Holzminden,B
Stefania,Lange,1934-09-23,1934,F,13021,pechelhans-juergen@yahoo.de,+49(0)7143 652310,Weihmannallee 839,Lüdenscheid,S
,Dörschner,1977-06-25,1977,M,27742,alice42@hotmail.de,0344546477,,Bitterfeld,T
Janus,Schmiedt,1985-12-10,1985,M,78044,ischmiedecke@aol.de,09675514728,Benderring 9,Crailsheim,J
Mustafa,Fischer,2002-01-22,2002,M,72075,,0774725033,Kramerweg 8,Eisenach,M
Eckehard,Vogt,1992-05-17,1992,M,35217,,+49(0)2336 05762,Weinhageplatz 31,Pritzwalk,E
Mirco,Killer,1949-10-30,1949,M,59975,npreiss@web.de,(08452) 073687,Jäkelstraße 873,Steinfurt,M
Kazim,Adolph,1976-06-06,1976,M,65402,jovan76@googlemail.com,00410001101,Schachtring 57,,K
Paola,Caspar,2020-05-20,2020,F,40381,hans-adolf18@gmx.de,05107 155792,Schomberweg 7,Duderstadt,P
Hans,Jörg Junizt,1923-08-28,1923,M,12598,hartwigpeukert@gmail.com,+49(0) 081401133,Hornichstr. 2,Pößneck,H
Markus,Sorgatz-holsten,1979-04-12,1979,M,96177,fiebigstjepan@yahoo.de,0545825987,Ivan-Gieß-Straße 455,Borken,M
Alan,Kambs,1995-03-21,1995,M,75678,dietlind95@googlemail.com,,Mehmet-Tlustek-Allee 025,Hagenow,A
Karlheinz,Bender,2020-03-14,2020,M,46276,muelichenelizabeth@yahoo.de,+49 (0) 3044 497981,Roskothring 470,Genthin,K
Erika,Hellwig,2003-10-17,2003,F,06853,lindaubernfried@aol.de,+49(0) 443118259,Ernstring 53,Rathenow,E
Danilo,,1969-08-07,1969,M,79517,paolo97@gmx.de,+49 (0) 3241 371811,Radischweg 8,Hildesheim,D
Christiana,Schleich,1944-06-19,1944,F,98078,walteroda@web.de,0(8643) 09503,Wirthring 0/7,Regensburg,C
Katrin,Sauer-kraus,1972-06-14,1972,F,66189,xkusch@gmx.de,+49(0) 707429136,Stjepan-Klingelhöfer-Platz 4,Kassel,K
Rita,Rogge,1997-12-05,1997,F,08527,hvan-der-dussen@yahoo.de,0168163079,Wernerweg 05,Kehl,R
Wulf,Martin,1952-12-17,1952,M,36502,hildegundwarmer@yahoo.de,01060 38249,Gülay-Vogt-Rnig 1/0,Wolfratshausen,W
Larissa,Scholz,1921-05-14,1921,F,81974,miroslawafiebig@web.de,04526454100,Gisela-Roht-Weg 4/7,Zeulenroda,L
Antje,Gerlach,1958-04-16,1958,F,,henktomasz@googlemail.com,+49 (0) 6651 839969,Eleonora-Dussen van-Straße 7,Burglengenfeld,A
Grit,Rudolph,1914-07-19,1914,F,30653,gutehans-gerhard@aol.de,(03780) 18216,Elli-Stey-Straße 4/5,Crailsheim,G
Daniela,Wilmsen,1913-11-10,1913,F,72388,jakobroehrdanz@yahoo.de,03006 08644,Heidelore-Fliegner-Weg 070,Oranienburg,D
Waltraud,Noack,1967-01-18,1967,F,,mircometz@web.de,+49 (0) 4337 570564,Gerlind-Speer-Allee 68,Meiningen,W
Diether,Nette,1980-08-19,1980,M,31096,theklaneuschaefer@yahoo.de,+49(0)6236711519,Georg-Klemt-Weg 02,Roding,D
lEizabeth,Möchlichen,1954-05-08,1954,F,08608,holtgordana@yahoo.de,08152 668779,Jorge-Heß-Gasse 95,Weimar,E
Willy,Bruder,2024-09-29,2024,,88793,gudemeinolf@yaoho.de,+49(0) 509165231,Etzoldplatz 6,Eichstätt,W
Ismail,Loos Beng,1946-12-06,1946,M,97870,pnette@gmx.de,(07517) 00954,Hermine-Gumprich-Straße 0/0,Schwabmünchen,I
Raisa,Schleich,2017-02-15,2017,F,89808,annamariabeyer@yahoo.de,+49(0)0702690925,Heinrichweg 0/5,Bitterfeld,R
Daria,Döring-oderwald,2017-09-28,2017,F,02891,nlangern@gmx.de,09603 144185,Werneckeweg 232,Malchin,D
Grit,Hövel-lehmann,1973-04-20,1973,F,72197,mentzelsieglinde@googlemail.com,0158371049,Weimerstr. 577,Freudenstadt,G
Delia,Spieß-röhrdanz,1975-07-09,1975,F,42872,rohlederdamian@yahoo.de,+49(0)0880 878492,Armin-Gude-Ring 94,Wittmund,D
Nicolas,Sontag,1916-03-18,1916,M,04916,uschigutknecht@gmail.com,+49 (0) 9185 704381,Charlotte-Pergande-Gasse 5,Großenhain,N
Josefine,Schacht,1965-03-07,1965,F,36668,heidrichilias@hotmail.de,+49(0) 991831839,Nadeshda-Dobes-Straße 6/8,Grevesmühlen,J
Czeslaw,eHrmann-kade,1995-03-30,1995,M,53104,meyerdolores@aol.de,+49(0)3348120055,Drewesring 3/5,Illertissen,C
,Süßebeir,1921-05-19,1921,M,00704,seifertharr@ohotmail.de,+49(0)7084543209,Lorenz-Carsten-Allee 5/1,Hildesheim,W
Klaudia,Karge,1917-03-31,1917,F,44972,clairecichorius@web.de,+49(0)9249 923474,Heinz-Otto-Etzler-Ring 531,Naila,K
Rita,Döring,1948-04-30,1948,F,79228,wilmaschwital@gmx.de,,Beckmannplatz 5,Eichstätt,R
Ivo,Sorgatz,1994-02-26,1994,M,59225,francisconohlmans@aol.de,+49 (0) 7338 869548,Jeannine-Scheuermann-Gasse 17,Kaiserslautern,I
Luzie,Mies,1987-09-19,1987,F,20998,dominicthanel@web.de,+49(0)5560 24688,Brian-Stiebitz-Weg 9/3,Ueckermünde,L
Dagobert,Henschel,2008-10-23,2008,M,38534,hartmanndesiree@gmx.de,,Rüdiger-Schmidtke-Straße 0,Gardelegen,D
Gerti,Sontag Beng,1909-09-30,1909,F,49696,jaroslawweimer@aol.de,+49(0)9951 42766,Heinz-Walter-Weg 9/7,Duderstadt,G
Cordula,Geilser-hethur,1971-11-10,1971,F,48390,striebitzreinhild@gmx.de,+49 (0) 9571 930692,Hentschelplatz 79,Wrobis,C
Klaus-d,Pölitz,2011-05-17,2011,M,51539,krebsstjepan@hotmail.de,02701648722,Lindauplatz 013,Teterow,K
Isabel,Söding,1952-06-02,1952,F,80091,umielcarek@aol.de,0415908222,Ruppersbergerring 431,Fürstenwalde,I
Georgia,Radisch,1989-08-14,1989,F,89956,karl-juergenkabus@gmail.com,+49(0)6065821055,,Mayen,G
Ira,Hartmann,1951-07-22,1951,F,38882,tuelaystumpf@yahoo.de,+49(0)0817 118437,Erdmute-Loos-Allee 7/6,Bayreuth,I
Marten,Geisler-stumpf,1919-02-24,1919,M,50340,drewesantonino@googlemail.com,+49(0) 531776992,Jacobi Jäckelplatz 2/8,Hofgeismar,M
Dittmar,Roskoth,1910-07-08,1910,M,,hildburg32@hotmail.de,,Spießstr. 475,,D
Meik,Hübel,1988-09-08,1988,M,97557,reginauamann@web.de,+49 (0) 1439 328522,Loosgasse 133,Badoberan,M
Ottfried,Klapp Beng,1995-12-18,1995,M,,dariusz60@aol.de,0088608682,Jungfergasse 402,Marienberg,O
Marie-luise,Hänel-gorlitz,1969-05-18,1969,F,95402,pneureuther@hotmail.de,+49(0) 561321169,Ritterstr. 2/0,Rathenow,M
Dariusz,Langern,1993-10-18,1993,M,57541,cristinamende@googlemail.com,+49(0) 285870356,Anita-Matthäi-Platz 6,Waren,D
Hedda,Mosemann,2021-11-29,2021,F,58925,tillhein@gmail.com,08413 78147,Marianna-Eimer-Ring 7/1,Füssen,H
Anselm,Nerger,1968-05-01,1968,M,35689,vladodoerschner@web.de,0021344801,Christin-Schenk-Straße 3,Düren,A
